{
  "delta_z_block_ON_mean": 13.843236350095811,
  "delta_z_block_OFF_mean": -0.5043125394952273,
  "passes": true
}